[{"model": "portfolio.project", "pk": 1, "fields": {"title": "Zack Plauche Website v1", "short_description": "The original website for Zack Plauché", "long_description": "", "site_url": "https://www.zackplauche.com", "github_url": "", "video_url": "", "active": true, "featured": false, "status": "Live", "thumbnail": 1, "technologies": []}}, {"model": "portfolio.project", "pk": 2, "fields": {"title": "Zack Plauche Website v2", "short_description": "The Redesigned Website for Zack Plauché (also the  site you're on currently on! 😁).", "long_description": "", "site_url": "https://www.zackplauche.com", "github_url": "", "video_url": "", "active": true, "featured": false, "status": "In Progress", "thumbnail": 17, "technologies": []}}, {"model": "portfolio.project", "pk": 3, "fields": {"title": "ZackHub", "short_description": "My Web Development Agency. The first website I've personally ever built.", "long_description": "", "site_url": "https://www.zackhub.com", "github_url": "", "video_url": "", "active": true, "featured": true, "status": "Live", "thumbnail": 3, "technologies": []}}, {"model": "portfolio.project", "pk": 4, "fields": {"title": "FLVA", "short_description": "A project I built for a student of mine for her college course.", "long_description": "", "site_url": "https://flva.herokuapp.com", "github_url": "", "video_url": "", "active": true, "featured": true, "status": "Completed", "thumbnail": 4, "technologies": []}}, {"model": "portfolio.project", "pk": 5, "fields": {"title": "Dollar Per Hour Calculator", "short_description": "A simple calculator app to convert time into money.", "long_description": "", "site_url": "https://www.dollarperhourcalculator.com/", "github_url": "https://www.github.com/zackplauche/dollarperhourcalculator", "video_url": "", "active": true, "featured": true, "status": "Live", "thumbnail": 5, "technologies": []}}, {"model": "portfolio.project", "pk": 6, "fields": {"title": "etikëtte", "short_description": "A catering delivery service webapp that helps catering business owners connect to lovely people like yourself.", "long_description": "", "site_url": "https://www.etikette.com", "github_url": "", "video_url": "", "active": true, "featured": false, "status": "Paused", "thumbnail": 6, "technologies": [1, 2, 3, 4, 6, 8]}}, {"model": "portfolio.project", "pk": 7, "fields": {"title": "Reflector", "short_description": "An OOP python package that has tools for creating and storing user reflections / journaling answers into csv files organized by date.", "long_description": "", "site_url": "", "github_url": "https://www.github.com/zackplauche/Reflector", "video_url": "", "active": true, "featured": false, "status": "Completed", "thumbnail": 7, "technologies": [2]}}, {"model": "portfolio.project", "pk": 8, "fields": {"title": "Reflector Online", "short_description": "A beautiful secure online reflecting application.", "long_description": "", "site_url": "", "github_url": "", "video_url": "", "active": false, "featured": false, "status": "Concept", "thumbnail": null, "technologies": []}}, {"model": "portfolio.project", "pk": 9, "fields": {"title": "Windows Wallpaper Stealer", "short_description": "A useful script for grabbing the Windows wallpapers hidden in a secret directory and secret file type on a Windows computer.", "long_description": "It's currently only a prototype because it only works on computers that have Python installed.", "site_url": "", "github_url": "https://www.github.com/zackplauche/WindowsWallpaperStealer", "video_url": "", "active": true, "featured": false, "status": "Prototype", "thumbnail": 9, "technologies": [2]}}, {"model": "portfolio.project", "pk": 10, "fields": {"title": "Mood Setter", "short_description": "Script that allows a user to create their own mood image folders and randomly select from those folders to set as the background of their Windows computer.", "long_description": "", "site_url": "", "github_url": "https://www.github.com/zackplauche/moodsetter/", "video_url": "", "active": true, "featured": false, "status": "Completed", "thumbnail": 10, "technologies": [2]}}, {"model": "portfolio.project", "pk": 11, "fields": {"title": "CAX App", "short_description": "Online CAX File generation platform that turns car scan data in CSV format to usable CAX files.", "long_description": "", "site_url": "https://cax-files.com/", "github_url": "", "video_url": "", "active": true, "featured": false, "status": "Completed", "thumbnail": 11, "technologies": [2, 3, 4, 6, 12]}}, {"model": "portfolio.project", "pk": 12, "fields": {"title": "Blue Ocean Strategy Generator", "short_description": "A python script that allows a user to generate blue ocean strategy charts from user input.", "long_description": "", "site_url": "", "github_url": "https://www.github.com/zackplauche/blueocean", "video_url": "", "active": true, "featured": false, "status": "Completed", "thumbnail": 12, "technologies": [2]}}, {"model": "portfolio.project", "pk": 13, "fields": {"title": "Coffeehouse Template", "short_description": "A coffeehouse template I built for a client who decided not to use it, so I decided that other's can use it for free.", "long_description": "", "site_url": "", "github_url": "https://www.github.com/zackplauche/coffeeshoptemplate/", "video_url": "", "active": false, "featured": false, "status": "Concept", "thumbnail": 13, "technologies": [2, 3, 6]}}, {"model": "portfolio.project", "pk": 14, "fields": {"title": "Drumthesia", "short_description": "A Python project that allows you to trigger Python commands to a Midi Controller", "long_description": "", "site_url": "", "github_url": "https://www.github.com/kennylepping/drumthesia", "video_url": "https://youtu.be/6McUQjOs5Ts", "active": true, "featured": false, "status": "Completed", "thumbnail": 14, "technologies": [2, 13]}}, {"model": "portfolio.project", "pk": 15, "fields": {"title": "Robert Ladner", "short_description": "Portfolio Site for one of my best friends Robert Ladner.", "long_description": "", "site_url": "https://zackplauche.github.io/robertladner", "github_url": "https://www.github.com/zackplauche/robertladner", "video_url": "", "active": true, "featured": true, "status": "In Progress", "thumbnail": 16, "technologies": [6, 8, 11]}}, {"model": "portfolio.project", "pk": 16, "fields": {"title": "Look Whos Streaming", "short_description": "An app that displays streamers from different platforms who are CURRENTLY streaming and compares them against each other.", "long_description": "", "site_url": "https://www.lookwhosstreaming.com/", "github_url": "", "video_url": "", "active": false, "featured": false, "status": "Paused", "thumbnail": 15, "technologies": [2, 3, 4]}}, {"model": "portfolio.project", "pk": 17, "fields": {"title": "Steam Scraper", "short_description": "A website that gives you in depth and useful details on your Steam profile for FREE!", "long_description": "", "site_url": "https://steamscraperwebsite.herokuapp.com", "github_url": "", "video_url": "", "active": true, "featured": true, "status": "Live", "thumbnail": 19, "technologies": []}}, {"model": "portfolio.contributor", "pk": 1, "fields": {"name": "Kenny Lepping", "image": null}}, {"model": "portfolio.contributor", "pk": 2, "fields": {"name": "David Brouwer", "image": null}}, {"model": "portfolio.contributor", "pk": 3, "fields": {"name": "Ryan Donaldson", "image": null}}, {"model": "portfolio.contributor", "pk": 4, "fields": {"name": "Zack Plauché", "image": null}}, {"model": "portfolio.contribution", "pk": 1, "fields": {"role": "Owner", "description": null, "contributor": 4, "project": 1}}, {"model": "portfolio.contribution", "pk": 2, "fields": {"role": "Owner", "description": null, "contributor": 4, "project": 2}}, {"model": "portfolio.contribution", "pk": 3, "fields": {"role": "Owner", "description": null, "contributor": 4, "project": 3}}, {"model": "portfolio.contribution", "pk": 4, "fields": {"role": "Owner", "description": null, "contributor": 4, "project": 4}}, {"model": "portfolio.contribution", "pk": 5, "fields": {"role": "Owner", "description": null, "contributor": 4, "project": 5}}, {"model": "portfolio.contribution", "pk": 6, "fields": {"role": "Partner", "description": "", "contributor": 4, "project": 6}}, {"model": "portfolio.contribution", "pk": 7, "fields": {"role": "Owner", "description": null, "contributor": 4, "project": 7}}, {"model": "portfolio.contribution", "pk": 8, "fields": {"role": "Owner", "description": null, "contributor": 4, "project": 8}}, {"model": "portfolio.contribution", "pk": 9, "fields": {"role": "Owner", "description": null, "contributor": 4, "project": 9}}, {"model": "portfolio.contribution", "pk": 10, "fields": {"role": "Owner", "description": null, "contributor": 4, "project": 10}}, {"model": "portfolio.contribution", "pk": 11, "fields": {"role": "Lead Developer", "description": "", "contributor": 4, "project": 11}}, {"model": "portfolio.contribution", "pk": 12, "fields": {"role": "Owner", "description": null, "contributor": 4, "project": 12}}, {"model": "portfolio.contribution", "pk": 13, "fields": {"role": "Owner", "description": null, "contributor": 4, "project": 13}}, {"model": "portfolio.contribution", "pk": 14, "fields": {"role": "Collaborator", "description": "", "contributor": 4, "project": 14}}, {"model": "portfolio.contribution", "pk": 15, "fields": {"role": "Owner", "description": null, "contributor": 4, "project": 15}}, {"model": "portfolio.contribution", "pk": 16, "fields": {"role": "Collaborator", "description": "Built the frontend and django backend.", "contributor": 4, "project": 16}}, {"model": "portfolio.contribution", "pk": 17, "fields": {"role": "Owner", "description": null, "contributor": 4, "project": 17}}, {"model": "portfolio.contribution", "pk": 18, "fields": {"role": "Collaborator", "description": "Partner Dev responsible for building the steam scraping api", "contributor": 2, "project": 16}}, {"model": "portfolio.contribution", "pk": 19, "fields": {"role": "Owner", "description": "", "contributor": 1, "project": 14}}, {"model": "portfolio.contribution", "pk": 20, "fields": {"role": "Collaborator", "description": "Taught Zack how to use Blue Ocean Strategy to analyze emotional data.", "contributor": 3, "project": 12}}, {"model": "portfolio.image", "pk": 1, "fields": {"alt": "Random Mountain Image", "file": "", "url": "https://source.unsplash.com/featured/?mountain"}}, {"model": "portfolio.image", "pk": 2, "fields": {"alt": "Random Romantic Image", "file": "", "url": "https://source.unsplash.com/featured/?romantic"}}, {"model": "portfolio.image", "pk": 3, "fields": {"alt": "Random Black and Blue Image", "file": "", "url": "https://source.unsplash.com/featured/?black+and+blue"}}, {"model": "portfolio.image", "pk": 4, "fields": {"alt": "Random Librarian Image", "file": "", "url": "https://source.unsplash.com/featured/?librarian"}}, {"model": "portfolio.image", "pk": 5, "fields": {"alt": "Random Money Image", "file": "", "url": "https://source.unsplash.com/featured/?dollars"}}, {"model": "portfolio.image", "pk": 6, "fields": {"alt": "Random Catering Image", "file": "", "url": "https://source.unsplash.com/featured/?catering"}}, {"model": "portfolio.image", "pk": 7, "fields": {"alt": "Random Mirror Image", "file": "", "url": "https://source.unsplash.com/featured/?mirror"}}, {"model": "portfolio.image", "pk": 8, "fields": {"alt": "Random Cozy Image", "file": "", "url": "https://source.unsplash.com/featured/?cozy"}}, {"model": "portfolio.image", "pk": 9, "fields": {"alt": "Random Burglar Image", "file": "", "url": "https://source.unsplash.com/featured/?burglar"}}, {"model": "portfolio.image", "pk": 10, "fields": {"alt": "Random Romantic Image", "file": "", "url": "https://source.unsplash.com/featured/?romantic"}}, {"model": "portfolio.image", "pk": 11, "fields": {"alt": "Random Autoshop Image", "file": "", "url": "https://source.unsplash.com/featured/?autoshop"}}, {"model": "portfolio.image", "pk": 12, "fields": {"alt": "Random Ocean Image", "file": "", "url": "https://source.unsplash.com/featured/?ocean"}}, {"model": "portfolio.image", "pk": 13, "fields": {"alt": "Random Coffee Image", "file": "", "url": "https://source.unsplash.com/featured/?coffee"}}, {"model": "portfolio.image", "pk": 14, "fields": {"alt": "Random Drums Image", "file": "", "url": "https://source.unsplash.com/featured/?drums"}}, {"model": "portfolio.image", "pk": 15, "fields": {"alt": "Random Live Stream Image", "file": "", "url": "https://source.unsplash.com/featured/?live+stream"}}, {"model": "portfolio.image", "pk": 16, "fields": {"alt": "Random Photographer Image", "file": "", "url": "https://source.unsplash.com/featured/?photographer"}}, {"model": "portfolio.image", "pk": 17, "fields": {"alt": "Random Mystical Image", "file": "", "url": "https://source.unsplash.com/featured/?mystical"}}, {"model": "portfolio.image", "pk": 18, "fields": {"alt": "Random Steam Image", "file": "", "url": "https://source.unsplash.com/featured/?steam"}}, {"model": "portfolio.image", "pk": 19, "fields": {"alt": "Random Gaming Image", "file": "", "url": "https://source.unsplash.com/featured/?pc+gaming"}}, {"model": "portfolio.technology", "pk": 1, "fields": {"title": "Vue.js", "icon": null}}, {"model": "portfolio.technology", "pk": 2, "fields": {"title": "Python", "icon": null}}, {"model": "portfolio.technology", "pk": 3, "fields": {"title": "Django", "icon": null}}, {"model": "portfolio.technology", "pk": 4, "fields": {"title": "Heroku", "icon": null}}, {"model": "portfolio.technology", "pk": 5, "fields": {"title": "Netlify", "icon": null}}, {"model": "portfolio.technology", "pk": 6, "fields": {"title": "HTML/CSS", "icon": null}}, {"model": "portfolio.technology", "pk": 7, "fields": {"title": "Tailwind CSS", "icon": null}}, {"model": "portfolio.technology", "pk": 8, "fields": {"title": "JavaScript", "icon": null}}, {"model": "portfolio.technology", "pk": 9, "fields": {"title": "Django REST Framework", "icon": null}}, {"model": "portfolio.technology", "pk": 10, "fields": {"title": "Wagtail CMS", "icon": null}}, {"model": "portfolio.technology", "pk": 11, "fields": {"title": "GitHub Pages", "icon": null}}, {"model": "portfolio.technology", "pk": 12, "fields": {"title": "Paypal", "icon": null}}, {"model": "portfolio.technology", "pk": 13, "fields": {"title": "Synesthesia", "icon": null}}, {"model": "portfolio.reviewsource", "pk": 1, "fields": {"title": "Wyzant", "logo": ""}}, {"model": "portfolio.reviewsource", "pk": 2, "fields": {"title": "codementor", "logo": ""}}, {"model": "portfolio.review", "pk": 1, "fields": {"title": "Zack is awesome!", "body": "Zach has been helping me with a final project for my Python class, where we are using Django. He is very knowledgeable on the subject, and will also meet you wherever you are at in the learning process. Overall, he is amiable, patient, and adaptable, so I would definitely recommend him if you need help!", "customer_name": "Caycee Arreguin", "customer_image": "", "customer_credential": "Student of Zack's", "active": true, "featured": true, "source": 1}}, {"model": "portfolio.review", "pk": 2, "fields": {"title": "Very friendly and encouraged to try.", "body": "Zack is very friendly and approachable. He didn't tell you how great he is or promise the moon. He wanted to find out what the problem was and what he can do to help.", "customer_name": "Alexander", "customer_image": "", "customer_credential": "Student of Zack's", "active": true, "featured": false, "source": 1}}, {"model": "portfolio.review", "pk": 3, "fields": {"title": "Django/Python", "body": "Zack was phenomenal! He taught me a lot and broke things down in a way that I can understand, thanks Zach!", "customer_name": "Andrew", "customer_image": "", "customer_credential": "Student of Zack's", "active": true, "featured": false, "source": 1}}, {"model": "portfolio.review", "pk": 4, "fields": {"title": "Knowledgeable tutor", "body": "Zack is a very knowledgeable tutor. He helped my son with Django and he’s patient enough to walk him through the whole lesson. I would highly recommend Zack and woul definitely schedule a lesson with him again soon.", "customer_name": "Myla", "customer_image": "", "customer_credential": "Student of Zack's", "active": true, "featured": false, "source": 1}}, {"model": "portfolio.review", "pk": 5, "fields": {"title": "Great and dedicated!", "body": "Zack helped me with some Python questions and was very dedicated in mot only helping me solve them, but making sure I understand the process. I would use his help again if needed.", "customer_name": "Kimberly", "customer_image": "", "customer_credential": "Student of Zack's", "active": true, "featured": false, "source": 1}}, {"model": "portfolio.review", "pk": 6, "fields": {"title": "Knowledgeable and professional", "body": "Zack helped me with a simulated robot plot. He taught me a lot and was very patient. He put in a lot of time helping me. He knows a lot about python. He is very very qualified in his area of expertise.", "customer_name": "Marcus", "customer_image": "", "customer_credential": "Student of Zack's", "active": true, "featured": false, "source": 1}}, {"model": "portfolio.review", "pk": 7, "fields": {"title": "This guy is the Django G.O.A.T", "body": "He helped me complete a project that seemed impossible to tackle. ...... and it was early in the morning. Super cool and fun session. Great personality and down to earth. Thank you so much!!!", "customer_name": "Monica", "customer_image": "", "customer_credential": "Student of Zack's", "active": true, "featured": false, "source": 1}}, {"model": "portfolio.review", "pk": 8, "fields": {"title": "Thorough and Empathetic Tutor", "body": "I came to Zack with hopes that he will give me some tips to run a successful coding business and he came equipped with a great game plan. He was thorough and answered all of my questions properly. He was empathetic with where I am on my journey, and I feel more confident with where I'm heading. I would definitely recommend Zack to anyone who wants a clear perspective of what a possible path to a successful career looks like as a coder.", "customer_name": "Oma", "customer_image": "", "customer_credential": "Student of Zack's", "active": true, "featured": false, "source": 1}}, {"model": "portfolio.review", "pk": 9, "fields": {"title": "Great patient tutor", "body": "App building, css styling, shortcuts, extensive django experience as well as python. spent a lot of time with me and was efficient. also able to learn new concepts to teach while students", "customer_name": "Umer", "customer_image": "", "customer_credential": "Student of Zack's", "active": true, "featured": false, "source": 1}}, {"model": "portfolio.review", "pk": 10, "fields": {"title": "Great Lessons!", "body": "Zack is extremely knowledgeable and make learning a very seamless experience. He makes sure you understand what you’re going over and can cater to any audience!", "customer_name": "Joseph", "customer_image": "", "customer_credential": "Student of Zack's", "active": true, "featured": false, "source": 1}}, {"model": "portfolio.review", "pk": 11, "fields": {"title": "Knowledgeable and to the point", "body": "We were able to go right to work. Brief, clear explanations make good use of class time. I have an existing project that I was looking at, but we were able to exchange code examples improved my Django skills in the first hour.", "customer_name": "Bill", "customer_image": "", "customer_credential": "Student of Zack's", "active": true, "featured": false, "source": 1}}, {"model": "portfolio.review", "pk": 12, "fields": {"title": "Exceptional CSS Tutor", "body": "Zack is an exceptional CSS designer. He taught me several transform and transition tricks, and especially demonstrated how to approach coding in HTML to quickly and efficiently simplify render a page. I highly recommend Zack for your design project. cs", "customer_name": "Cheryl", "customer_image": "", "customer_credential": "Student of Zack's", "active": true, "featured": false, "source": 1}}, {"model": "portfolio.review", "pk": 13, "fields": {"title": "school", "body": "Zack is very knowledgeable and walked me through each step on how to build my site from the ground up. I highly recommend him!", "customer_name": "Jamia", "customer_image": "", "customer_credential": "Student of Zack's", "active": true, "featured": false, "source": 1}}, {"model": "portfolio.review", "pk": 14, "fields": {"title": "Very Knowledgeable in Shopify programming.", "body": "Zack answered all of my questions and proved to be very knowledgeable in the areas of online marketing. He proved to be friendly and courteous and patient. I look forward to having follow up tutoring sessions with him.", "customer_name": "Jon", "customer_image": "", "customer_credential": "Student of Zack's", "active": true, "featured": false, "source": 1}}, {"model": "portfolio.review", "pk": 15, "fields": {"title": "Patience in debugging.", "body": "I was having a lot of errors using Python in the Liclipse IDE and Zack was able to help trouble shoot and find a solution. He showed patience in the debugging process.", "customer_name": "Micah", "customer_image": "", "customer_credential": "Student of Zack's", "active": true, "featured": false, "source": 1}}, {"model": "portfolio.review", "pk": 16, "fields": {"title": "Great tutor, nice guy, very knoweldgeable.", "body": "Zack really knew his stuff. He helped me with facebook pixel/shopify integration. Made it easy and fun. Thanks mate. Will use him again.", "customer_name": "Michael", "customer_image": "", "customer_credential": "Student of Zack's", "active": true, "featured": false, "source": 1}}, {"model": "portfolio.review", "pk": 17, "fields": {"title": "Informative, patient, friendly", "body": "Zack helped inform me about the process of becoming a python freelancer, as well as point me to useful resources to refer to. He was also very patient & friendly during our session. I would recommend Zack.", "customer_name": "Nicholas", "customer_image": "", "customer_credential": "Student of Zack's", "active": true, "featured": false, "source": 1}}, {"model": "portfolio.review", "pk": 18, "fields": {"title": "", "body": "Helped me push my changes to Heroku and reset my entire database there. Also helped me set the queryset on drop down menu inputs.", "customer_name": "Claire C", "customer_image": "", "customer_credential": "", "active": true, "featured": false, "source": 2}}, {"model": "portfolio.review", "pk": 19, "fields": {"title": "", "body": "Helped me refactor my entire project so that it follows standards and is understandable, implement search functionality on my website, and use data from an outside source.", "customer_name": "Claire C", "customer_image": "", "customer_credential": "", "active": true, "featured": false, "source": 2}}, {"model": "portfolio.review", "pk": 20, "fields": {"title": "", "body": "Taught me the Python standard naming conventions and how to add user-specific features on my website.", "customer_name": "Claire C", "customer_image": "", "customer_credential": "", "active": true, "featured": false, "source": 2}}, {"model": "portfolio.review", "pk": 21, "fields": {"title": "", "body": "Updated authentication for accessing GitHub with new security updates", "customer_name": "Claire C", "customer_image": "", "customer_credential": "", "active": true, "featured": false, "source": 2}}, {"model": "portfolio.review", "pk": 22, "fields": {"title": "", "body": "Zack is very responsive and takes the project to the next level making it easier to edit long term. This is the 3rd time I have used Zack k- he is clearly my go to.", "customer_name": "Greg Wood", "customer_image": "", "customer_credential": "", "active": true, "featured": false, "source": 2}}, {"model": "portfolio.review", "pk": 23, "fields": {"title": "", "body": "Zack was very knowledgeable and helped me resolve my issue. Highly recommend using Zach for your debugging needs.", "customer_name": "Jonathon Hammond", "customer_image": "", "customer_credential": "", "active": true, "featured": false, "source": 2}}, {"model": "portfolio.review", "pk": 24, "fields": {"title": "", "body": "Zack figured out how to use selenium on Heroku and we're one step ahead towards our goal!", "customer_name": "Adrien Kwong", "customer_image": "", "customer_credential": "", "active": true, "featured": false, "source": 2}}, {"model": "portfolio.review", "pk": 25, "fields": {"title": "", "body": "Zack is amazing! He managed to turn my idea into reality with ease. ;)", "customer_name": "Adrien Kwong", "customer_image": "", "customer_credential": "", "active": true, "featured": false, "source": 2}}, {"model": "portfolio.review", "pk": 26, "fields": {"title": "", "body": "Zack is really understanding and nice, he is patient in helping me to solve the errors and explain to me the codes throughout! Highly recommend him", "customer_name": "Beaty", "customer_image": "", "customer_credential": "", "active": true, "featured": false, "source": 2}}, {"model": "portfolio.review", "pk": 27, "fields": {"title": "", "body": "Zack is great! He made my idea turn into reality and guided me along the way! Thanks!", "customer_name": "Adrien Kwong", "customer_image": "", "customer_credential": "", "active": true, "featured": false, "source": 2}}, {"model": "portfolio.review", "pk": 28, "fields": {"title": "", "body": "Walked through the process and sent me stack overflow links for reference", "customer_name": "Claire C", "customer_image": "", "customer_credential": "", "active": true, "featured": false, "source": 2}}, {"model": "portfolio.review", "pk": 29, "fields": {"title": "", "body": "Zack is great! He built the entire Django app for me and guided me through each step!", "customer_name": "Adrien Kwong", "customer_image": "", "customer_credential": "", "active": false, "featured": false, "source": 2}}, {"model": "portfolio.review", "pk": 30, "fields": {"title": "", "body": "explained things clearly and also asked me questions throughout to make sure I understand!", "customer_name": "Cliare C", "customer_image": "", "customer_credential": "", "active": true, "featured": false, "source": 2}}, {"model": "portfolio.review", "pk": 31, "fields": {"title": "", "body": "Zack was responsive and innovative with this approach. It was an absolute pleasure working with him.", "customer_name": "Greg Wood", "customer_image": "", "customer_credential": "", "active": true, "featured": false, "source": 2}}, {"model": "portfolio.review", "pk": 32, "fields": {"title": "", "body": "Zack is not only good at coding but also coaching. Highly recommended for beginners!", "customer_name": "Adrien Kwong", "customer_image": "", "customer_credential": "", "active": false, "featured": false, "source": 2}}, {"model": "portfolio.review", "pk": 33, "fields": {"title": "", "body": "Zack is wonderful. He understands my request quickly and comes up with solution almost instantly. Thanks!", "customer_name": "Adrien Kwong", "customer_image": "", "customer_credential": "", "active": true, "featured": false, "source": 2}}, {"model": "portfolio.review", "pk": 34, "fields": {"title": "", "body": "Zack is perfect. Solved my problem in 5 min.", "customer_name": "Adrien Kwong", "customer_image": "", "customer_credential": "", "active": false, "featured": false, "source": 2}}, {"model": "portfolio.review", "pk": 35, "fields": {"title": "", "body": "Zack helped me out a great deal and has great knowledge. Recommended!", "customer_name": "Anthony DiMeo", "customer_image": "", "customer_credential": "", "active": true, "featured": false, "source": 2}}, {"model": "portfolio.review", "pk": 36, "fields": {"title": "", "body": "Extremely helpful and very clear in his teaching.", "customer_name": "ryan kennedy", "customer_image": "", "customer_credential": "", "active": true, "featured": false, "source": 2}}, {"model": "portfolio.review", "pk": 37, "fields": {"title": "", "body": "Super helpful! Was very thorough and continuously checked if I had any questions.", "customer_name": "Victoria Redfield", "customer_image": "", "customer_credential": "", "active": true, "featured": false, "source": 2}}]